ubicacion,fecha,hora,temperatura,tipo_de_clima,humedad,viento,fecha_hora,id_clima
parana,2023-11-01,00:00:00,9.9,Nublado,92.14,18.4,2023-11-01 00:00:00,1
parana,2023-11-01,01:00:00,9.9,Nublado,94.68,20.9,2023-11-01 01:00:00,1
parana,2023-11-01,02:00:00,9.4,Nublado,96.15,20.1,2023-11-01 02:00:00,1
parana,2023-11-01,03:00:00,9.7,Lluvia,96.11,11.7,2023-11-01 03:00:00,4
parana,2023-11-01,04:00:00,9.8,Nublado,96.7,20.1,2023-11-01 04:00:00,1
parana,2023-11-01,05:00:00,9.7,Nublado,97.8,18.6,2023-11-01 05:00:00,1
parana,2023-11-01,06:00:00,10.1,Nublado,97.22,20.3,2023-11-01 06:00:00,1
parana,2023-11-01,07:00:00,10.2,Nublado,95.11,20.1,2023-11-01 07:00:00,1
parana,2023-11-01,08:00:00,10.6,Nublado,83.95,21.6,2023-11-01 08:00:00,1
parana,2023-11-01,09:00:00,10.6,Lluvia,95.1,21.7,2023-11-01 09:00:00,4
parana,2023-11-01,10:00:00,10.9,Nublado,88.05,24.5,2023-11-01 10:00:00,1
parana,2023-11-01,11:00:00,11.3,Nublado,86.91,24.5,2023-11-01 11:00:00,1
parana,2023-11-01,12:00:00,11.5,Nublado,97.12,18.0,2023-11-01 12:00:00,1
parana,2023-11-01,13:00:00,11.4,Nublado,90.49,23.8,2023-11-01 13:00:00,1
parana,2023-11-01,14:00:00,12.4,Nublado,97.58,19.9,2023-11-01 14:00:00,1
parana,2023-11-01,15:00:00,12.6,Lluvia,98.16,18.2,2023-11-01 15:00:00,4
parana,2023-11-01,16:00:00,12.6,Nublado,98.36,17.0,2023-11-01 16:00:00,1
parana,2023-11-01,17:00:00,12.3,Nublado,93.0,26.3,2023-11-01 17:00:00,1
parana,2023-11-01,18:00:00,12.8,Nublado,95.57,22.9,2023-11-01 18:00:00,1
parana,2023-11-01,19:00:00,12.4,Nublado,93.0,28.1,2023-11-01 19:00:00,1
parana,2023-11-01,20:00:00,12.6,Nublado,93.63,28.8,2023-11-01 20:00:00,1
parana,2023-11-01,21:00:00,13.6,Lluvia,96.97,23.9,2023-11-01 21:00:00,4
parana,2023-11-01,22:00:00,12.9,Nublado,93.03,29.5,2023-11-01 22:00:00,1
parana,2023-11-01,23:00:00,13.0,Nublado,93.03,29.5,2023-11-01 23:00:00,1
parana,2023-11-02,00:00:00,13.9,Nublado,96.67,22.3,2023-11-02 00:00:00,1
parana,2023-11-02,01:00:00,12.6,Nublado,96.77,29.5,2023-11-02 01:00:00,1
parana,2023-11-02,02:00:00,12.9,Nublado,95.51,26.6,2023-11-02 02:00:00,1
parana,2023-11-02,03:00:00,13.9,Lluvia,97.94,20.3,2023-11-02 03:00:00,4
parana,2023-11-02,04:00:00,12.9,Nublado,96.78,19.4,2023-11-02 04:00:00,1
parana,2023-11-02,05:00:00,13.0,Nublado,96.78,23.0,2023-11-02 05:00:00,1
parana,2023-11-02,06:00:00,13.9,Nublado,98.51,13.0,2023-11-02 06:00:00,1
parana,2023-11-02,07:00:00,13.3,Nublado,97.42,16.9,2023-11-02 07:00:00,1
parana,2023-11-02,08:00:00,14.3,Nublado,96.94,11.2,2023-11-02 08:00:00,1
parana,2023-11-02,09:00:00,14.3,Nublado,98.08,16.0,2023-11-02 09:00:00,1
parana,2023-11-02,10:00:00,14.3,Nublado,96.68,16.4,2023-11-02 10:00:00,1
parana,2023-11-02,11:00:00,14.7,Nublado,95.7,14.4,2023-11-02 11:00:00,1
parana,2023-11-02,12:00:00,15.0,Nublado,96.7,15.9,2023-11-02 12:00:00,1
parana,2023-11-02,13:00:00,15.2,Nublado,96.71,21.9,2023-11-02 13:00:00,1
parana,2023-11-02,14:00:00,14.8,Nublado,96.69,26.7,2023-11-02 14:00:00,1
parana,2023-11-02,15:00:00,14.9,Lluvia,96.31,25.9,2023-11-02 15:00:00,4
parana,2023-11-02,16:00:00,15.6,Nublado,93.11,23.2,2023-11-02 16:00:00,1
parana,2023-11-02,17:00:00,16.0,Nublado,91.12,21.3,2023-11-02 17:00:00,1
parana,2023-11-02,18:00:00,15.6,Nublado,95.05,19.7,2023-11-02 18:00:00,1
parana,2023-11-02,19:00:00,14.6,Nublado,97.38,30.3,2023-11-02 19:00:00,1
parana,2023-11-02,20:00:00,13.5,Nublado,98.17,31.3,2023-11-02 20:00:00,1
parana,2023-11-02,21:00:00,12.2,Lluvia,96.63,32.8,2023-11-02 21:00:00,4
parana,2023-11-02,22:00:00,10.7,Nublado,95.0,35.0,2023-11-02 22:00:00,1
parana,2023-11-02,23:00:00,9.9,Nublado,92.38,34.4,2023-11-02 23:00:00,1
parana,2023-11-03,00:00:00,9.4,Nublado,90.48,30.3,2023-11-03 00:00:00,1
parana,2023-11-03,01:00:00,7.9,Nublado,88.46,33.7,2023-11-03 01:00:00,1
parana,2023-11-03,02:00:00,8.0,Nublado,86.12,27.7,2023-11-03 02:00:00,1
parana,2023-11-03,03:00:00,8.4,Lluvia,86.46,35.7,2023-11-03 03:00:00,4
parana,2023-11-03,04:00:00,8.6,Nublado,85.96,36.1,2023-11-03 04:00:00,1
parana,2023-11-03,05:00:00,8.8,Nublado,83.7,41.9,2023-11-03 05:00:00,1
parana,2023-11-03,06:00:00,8.8,Nublado,84.26,37.1,2023-11-03 06:00:00,1
parana,2023-11-03,07:00:00,9.0,Nublado,79.61,32.2,2023-11-03 07:00:00,1
parana,2023-11-03,08:00:00,9.7,Parcialmente nublado,79.8,28.9,2023-11-03 08:00:00,3
parana,2023-11-03,09:00:00,11.2,Parcialmente nublado,71.21,36.4,2023-11-03 09:00:00,3
parana,2023-11-03,10:00:00,12.2,Parcialmente nublado,63.35,40.2,2023-11-03 10:00:00,3
parana,2023-11-03,11:00:00,13.8,Parcialmente nublado,64.02,40.2,2023-11-03 11:00:00,3
parana,2023-11-03,12:00:00,15.2,Parcialmente nublado,60.18,38.4,2023-11-03 12:00:00,3
parana,2023-11-03,13:00:00,15.9,Parcialmente nublado,56.73,35.2,2023-11-03 13:00:00,3
parana,2023-11-03,14:00:00,16.6,Parcialmente nublado,53.54,36.4,2023-11-03 14:00:00,3
parana,2023-11-03,15:00:00,17.4,Parcialmente nublado,51.16,34.2,2023-11-03 15:00:00,3
parana,2023-11-03,16:00:00,18.0,Despejado,50.26,30.2,2023-11-03 16:00:00,2
parana,2023-11-03,17:00:00,18.9,Parcialmente nublado,50.72,31.5,2023-11-03 17:00:00,3
parana,2023-11-03,18:00:00,18.3,Parcialmente nublado,52.01,27.3,2023-11-03 18:00:00,3
parana,2023-11-03,19:00:00,17.0,Despejado,55.92,28.6,2023-11-03 19:00:00,2
parana,2023-11-03,20:00:00,14.3,Despejado,68.95,6.2,2023-11-03 20:00:00,2
parana,2023-11-03,21:00:00,13.5,Despejado,74.43,0.8,2023-11-03 21:00:00,2
parana,2023-11-03,22:00:00,12.4,Despejado,81.65,3.6,2023-11-03 22:00:00,2
parana,2023-11-03,23:00:00,12.2,Despejado,83.73,0.6,2023-11-03 23:00:00,2
parana,2023-11-04,00:00:00,12.1,Despejado,79.51,0.8,2023-11-04 00:00:00,2
parana,2023-11-04,01:00:00,12.3,Despejado,77.27,3.8,2023-11-04 01:00:00,2
parana,2023-11-04,02:00:00,12.0,Despejado,82.74,8.8,2023-11-04 02:00:00,2
parana,2023-11-04,03:00:00,11.5,Despejado,86.25,5.4,2023-11-04 03:00:00,2
parana,2023-11-04,04:00:00,11.0,Despejado,90.54,10.8,2023-11-04 04:00:00,2
parana,2023-11-04,05:00:00,11.1,Despejado,89.52,9.2,2023-11-04 05:00:00,2
parana,2023-11-04,06:00:00,10.9,Despejado,90.78,9.4,2023-11-04 06:00:00,2
parana,2023-11-04,07:00:00,12.3,Despejado,85.48,5.4,2023-11-04 07:00:00,2
parana,2023-11-04,08:00:00,13.9,Despejado,79.99,9.2,2023-11-04 08:00:00,2
parana,2023-11-04,09:00:00,16.5,Despejado,66.23,13.1,2023-11-04 09:00:00,2
parana,2023-11-04,10:00:00,18.2,Despejado,61.61,14.6,2023-11-04 10:00:00,2
parana,2023-11-04,11:00:00,19.6,Despejado,56.68,7.9,2023-11-04 11:00:00,2
parana,2023-11-04,12:00:00,21.3,Despejado,44.05,5.8,2023-11-04 12:00:00,2
parana,2023-11-04,13:00:00,22.2,Parcialmente nublado,42.68,12.8,2023-11-04 13:00:00,3
parana,2023-11-04,14:00:00,22.5,Despejado,40.34,11.3,2023-11-04 14:00:00,2
parana,2023-11-04,15:00:00,22.8,Despejado,38.73,14.2,2023-11-04 15:00:00,2
parana,2023-11-04,16:00:00,22.8,Despejado,37.24,13.1,2023-11-04 16:00:00,2
parana,2023-11-04,17:00:00,22.8,Despejado,40.09,12.6,2023-11-04 17:00:00,2
parana,2023-11-04,18:00:00,22.6,Despejado,40.83,14.4,2023-11-04 18:00:00,2
parana,2023-11-04,19:00:00,21.8,Despejado,45.55,10.8,2023-11-04 19:00:00,2
parana,2023-11-04,20:00:00,18.9,Despejado,58.63,7.7,2023-11-04 20:00:00,2
parana,2023-11-04,21:00:00,18.2,Despejado,55.95,6.0,2023-11-04 21:00:00,2
parana,2023-11-04,22:00:00,17.6,Despejado,60.69,5.8,2023-11-04 22:00:00,2
parana,2023-11-04,23:00:00,16.1,Despejado,66.29,7.6,2023-11-04 23:00:00,2
parana,2023-11-05,00:00:00,15.4,Despejado,66.04,5.8,2023-11-05 00:00:00,2
parana,2023-11-05,01:00:00,14.8,Despejado,68.1,4.4,2023-11-05 01:00:00,2
parana,2023-11-05,02:00:00,14.3,Nublado,69.98,1.0,2023-11-05 02:00:00,1
parana,2023-11-05,03:00:00,13.4,Despejado,72.36,1.3,2023-11-05 03:00:00,2
parana,2023-11-05,04:00:00,12.4,Despejado,76.15,0.8,2023-11-05 04:00:00,2
parana,2023-11-05,05:00:00,11.9,Despejado,77.81,1.0,2023-11-05 05:00:00,2
parana,2023-11-05,06:00:00,11.3,Parcialmente nublado,81.79,0.6,2023-11-05 06:00:00,3
parana,2023-11-05,07:00:00,11.8,Parcialmente nublado,76.4,1.0,2023-11-05 07:00:00,3
parana,2023-11-05,08:00:00,14.6,Parcialmente nublado,69.92,9.9,2023-11-05 08:00:00,3
parana,2023-11-05,09:00:00,18.5,Parcialmente nublado,53.54,20.3,2023-11-05 09:00:00,3
parana,2023-11-05,10:00:00,19.5,Parcialmente nublado,50.19,27.5,2023-11-05 10:00:00,3
parana,2023-11-05,11:00:00,19.7,Parcialmente nublado,51.25,23.9,2023-11-05 11:00:00,3
parana,2023-11-05,12:00:00,21.3,Parcialmente nublado,49.63,29.1,2023-11-05 12:00:00,3
parana,2023-11-05,13:00:00,22.2,Parcialmente nublado,48.29,27.2,2023-11-05 13:00:00,3
parana,2023-11-05,14:00:00,22.3,Parcialmente nublado,50.17,22.7,2023-11-05 14:00:00,3
parana,2023-11-05,15:00:00,23.3,Parcialmente nublado,38.89,26.6,2023-11-05 15:00:00,3
parana,2023-11-05,16:00:00,23.6,Despejado,31.16,23.9,2023-11-05 16:00:00,2
parana,2023-11-05,17:00:00,23.7,Despejado,28.17,20.3,2023-11-05 17:00:00,2
parana,2023-11-05,18:00:00,23.2,Despejado,36.73,18.8,2023-11-05 18:00:00,2
parana,2023-11-05,19:00:00,22.4,Despejado,50.38,11.5,2023-11-05 19:00:00,2
parana,2023-11-05,20:00:00,20.9,Despejado,58.0,9.4,2023-11-05 20:00:00,2
parana,2023-11-05,21:00:00,19.7,Despejado,64.98,5.6,2023-11-05 21:00:00,2
parana,2023-11-05,22:00:00,19.2,Despejado,67.26,9.2,2023-11-05 22:00:00,2
parana,2023-11-05,23:00:00,18.0,Despejado,72.15,9.4,2023-11-05 23:00:00,2
parana,2023-11-06,00:00:00,17.3,Despejado,74.27,8.1,2023-11-06 00:00:00,2
parana,2023-11-06,01:00:00,16.6,Despejado,77.93,7.9,2023-11-06 01:00:00,2
parana,2023-11-06,02:00:00,15.6,Despejado,79.03,6.6,2023-11-06 02:00:00,2
parana,2023-11-06,03:00:00,14.9,Despejado,80.15,3.8,2023-11-06 03:00:00,2
parana,2023-11-06,04:00:00,14.1,Despejado,82.96,4.2,2023-11-06 04:00:00,2
parana,2023-11-06,05:00:00,13.0,Despejado,88.4,1.2,2023-11-06 05:00:00,2
parana,2023-11-06,06:00:00,12.5,Despejado,91.53,1.3,2023-11-06 06:00:00,2
parana,2023-11-06,07:00:00,13.4,Despejado,88.68,1.2,2023-11-06 07:00:00,2
parana,2023-11-06,08:00:00,18.4,Despejado,67.45,9.4,2023-11-06 08:00:00,2
parana,2023-11-06,09:00:00,21.1,Despejado,51.43,16.2,2023-11-06 09:00:00,2
parana,2023-11-06,10:00:00,23.4,Despejado,42.53,17.6,2023-11-06 10:00:00,2
parana,2023-11-06,11:00:00,25.1,Despejado,41.47,18.6,2023-11-06 11:00:00,2
parana,2023-11-06,12:00:00,26.1,Despejado,45.56,18.4,2023-11-06 12:00:00,2
parana,2023-11-06,13:00:00,27.4,Despejado,45.85,17.3,2023-11-06 13:00:00,2
parana,2023-11-06,14:00:00,27.9,Despejado,39.06,18.7,2023-11-06 14:00:00,2
parana,2023-11-06,15:00:00,28.2,Despejado,37.88,19.4,2023-11-06 15:00:00,2
parana,2023-11-06,16:00:00,28.1,Despejado,38.61,21.2,2023-11-06 16:00:00,2
parana,2023-11-06,17:00:00,27.6,Despejado,43.27,19.4,2023-11-06 17:00:00,2
parana,2023-11-06,18:00:00,28.6,Despejado,40.11,13.5,2023-11-06 18:00:00,2
parana,2023-11-06,19:00:00,27.4,Despejado,42.7,11.2,2023-11-06 19:00:00,2
parana,2023-11-06,20:00:00,25.3,Despejado,50.3,11.2,2023-11-06 20:00:00,2
parana,2023-11-06,21:00:00,24.3,Despejado,48.14,17.4,2023-11-06 21:00:00,2
parana,2023-11-06,22:00:00,22.9,Despejado,55.21,9.5,2023-11-06 22:00:00,2
parana,2023-11-06,23:00:00,21.2,Despejado,65.19,1.0,2023-11-06 23:00:00,2
parana,2023-11-07,00:00:00,20.1,Despejado,68.71,8.1,2023-11-07 00:00:00,2
parana,2023-11-07,01:00:00,20.2,Despejado,71.49,9.7,2023-11-07 01:00:00,2
parana,2023-11-07,02:00:00,18.3,Despejado,76.87,11.0,2023-11-07 02:00:00,2
parana,2023-11-07,03:00:00,17.4,Despejado,82.56,10.8,2023-11-07 03:00:00,2
parana,2023-11-07,04:00:00,17.0,Despejado,85.28,6.0,2023-11-07 04:00:00,2
parana,2023-11-07,05:00:00,17.2,Despejado,83.4,9.5,2023-11-07 05:00:00,2
parana,2023-11-07,06:00:00,17.2,Despejado,83.11,11.5,2023-11-07 06:00:00,2
parana,2023-11-07,07:00:00,18.9,Despejado,78.61,11.7,2023-11-07 07:00:00,2
parana,2023-11-07,08:00:00,22.6,Despejado,65.9,18.4,2023-11-07 08:00:00,2
parana,2023-11-07,09:00:00,24.5,Despejado,60.1,25.5,2023-11-07 09:00:00,2
parana,2023-11-07,10:00:00,26.5,Despejado,55.02,25.5,2023-11-07 10:00:00,2
parana,2023-11-07,11:00:00,27.6,Despejado,51.48,27.5,2023-11-07 11:00:00,2
parana,2023-11-07,12:00:00,28.9,Parcialmente nublado,50.72,28.1,2023-11-07 12:00:00,3
parana,2023-11-07,13:00:00,30.2,Parcialmente nublado,49.47,30.4,2023-11-07 13:00:00,3
parana,2023-11-07,14:00:00,30.3,Parcialmente nublado,49.97,26.3,2023-11-07 14:00:00,3
parana,2023-11-07,15:00:00,31.4,Parcialmente nublado,47.27,26.3,2023-11-07 15:00:00,3
parana,2023-11-07,16:00:00,32.4,Despejado,47.84,20.9,2023-11-07 16:00:00,2
parana,2023-11-07,17:00:00,32.8,Despejado,45.47,23.3,2023-11-07 17:00:00,2
parana,2023-11-07,18:00:00,32.2,Parcialmente nublado,48.13,14.9,2023-11-07 18:00:00,3
parana,2023-11-07,19:00:00,31.5,Parcialmente nublado,50.2,16.6,2023-11-07 19:00:00,3
parana,2023-11-07,20:00:00,31.2,Parcialmente nublado,53.14,11.2,2023-11-07 20:00:00,3
parana,2023-11-07,21:00:00,29.1,Lluvia,62.87,6.0,2023-11-07 21:00:00,4
parana,2023-11-07,22:00:00,28.7,Parcialmente nublado,65.83,9.5,2023-11-07 22:00:00,3
parana,2023-11-07,23:00:00,25.5,Parcialmente nublado,59.84,34.6,2023-11-07 23:00:00,3
parana,2023-11-08,00:00:00,25.3,Parcialmente nublado,57.33,35.7,2023-11-08 00:00:00,3
parana,2023-11-08,01:00:00,23.9,Parcialmente nublado,57.31,36.1,2023-11-08 01:00:00,3
parana,2023-11-08,02:00:00,21.0,Nublado,86.7,38.8,2023-11-08 02:00:00,1
parana,2023-11-08,03:00:00,21.5,Lluvia,62.48,19.0,2023-11-08 03:00:00,4
parana,2023-11-08,04:00:00,20.1,Nublado,72.33,24.9,2023-11-08 04:00:00,1
parana,2023-11-08,05:00:00,19.4,Nublado,62.5,29.5,2023-11-08 05:00:00,1
parana,2023-11-08,06:00:00,19.0,Nublado,67.51,12.9,2023-11-08 06:00:00,1
parana,2023-11-08,07:00:00,17.6,Nublado,78.08,27.3,2023-11-08 07:00:00,1
parana,2023-11-08,08:00:00,18.7,Nublado,73.41,12.8,2023-11-08 08:00:00,1
parana,2023-11-08,09:00:00,18.9,Lluvia,73.98,13.1,2023-11-08 09:00:00,4
parana,2023-11-08,10:00:00,20.7,Nublado,62.9,23.7,2023-11-08 10:00:00,1
parana,2023-11-08,11:00:00,22.4,Parcialmente nublado,56.21,24.3,2023-11-08 11:00:00,3
parana,2023-11-08,12:00:00,23.7,Parcialmente nublado,55.86,29.3,2023-11-08 12:00:00,3
parana,2023-11-08,13:00:00,25.1,Parcialmente nublado,48.46,24.9,2023-11-08 13:00:00,3
parana,2023-11-08,14:00:00,26.6,Parcialmente nublado,42.62,24.7,2023-11-08 14:00:00,3
parana,2023-11-08,15:00:00,27.4,Despejado,39.76,18.2,2023-11-08 15:00:00,2
parana,2023-11-08,16:00:00,27.5,Despejado,35.07,23.5,2023-11-08 16:00:00,2
parana,2023-11-08,17:00:00,27.5,Despejado,36.58,25.3,2023-11-08 17:00:00,2
parana,2023-11-08,18:00:00,26.6,Despejado,42.82,27.3,2023-11-08 18:00:00,2
parana,2023-11-08,19:00:00,24.9,Despejado,43.03,23.5,2023-11-08 19:00:00,2
parana,2023-11-08,20:00:00,22.2,Despejado,47.67,14.9,2023-11-08 20:00:00,2
parana,2023-11-08,21:00:00,20.6,Despejado,51.49,16.4,2023-11-08 21:00:00,2
parana,2023-11-08,22:00:00,20.8,Despejado,49.47,16.2,2023-11-08 22:00:00,2
parana,2023-11-08,23:00:00,19.5,Despejado,53.58,12.6,2023-11-08 23:00:00,2
parana,2023-11-09,00:00:00,18.7,Despejado,55.64,7.7,2023-11-09 00:00:00,2
parana,2023-11-09,01:00:00,17.7,Despejado,59.33,11.2,2023-11-09 01:00:00,2
parana,2023-11-09,02:00:00,17.9,Despejado,57.4,12.2,2023-11-09 02:00:00,2
parana,2023-11-09,03:00:00,17.4,Despejado,60.16,11.0,2023-11-09 03:00:00,2
parana,2023-11-09,04:00:00,16.3,Despejado,64.97,9.5,2023-11-09 04:00:00,2
parana,2023-11-09,05:00:00,16.1,Despejado,64.65,11.5,2023-11-09 05:00:00,2
parana,2023-11-09,06:00:00,15.2,Despejado,66.35,14.4,2023-11-09 06:00:00,2
parana,2023-11-09,07:00:00,15.6,Despejado,63.91,9.9,2023-11-09 07:00:00,2
parana,2023-11-09,08:00:00,18.9,Despejado,46.42,16.2,2023-11-09 08:00:00,2
parana,2023-11-09,09:00:00,20.9,Parcialmente nublado,43.52,21.5,2023-11-09 09:00:00,3
parana,2023-11-09,10:00:00,23.6,Despejado,35.42,23.9,2023-11-09 10:00:00,2
parana,2023-11-09,11:00:00,24.6,Parcialmente nublado,32.97,25.0,2023-11-09 11:00:00,3
parana,2023-11-09,12:00:00,25.7,Despejado,30.38,27.2,2023-11-09 12:00:00,2
parana,2023-11-09,13:00:00,26.7,Despejado,32.5,26.8,2023-11-09 13:00:00,2
parana,2023-11-09,14:00:00,27.1,Despejado,31.34,28.0,2023-11-09 14:00:00,2
parana,2023-11-09,15:00:00,27.6,Despejado,34.25,25.5,2023-11-09 15:00:00,2
parana,2023-11-09,16:00:00,27.8,Parcialmente nublado,33.52,18.0,2023-11-09 16:00:00,3
parana,2023-11-09,17:00:00,27.5,Parcialmente nublado,33.56,23.0,2023-11-09 17:00:00,3
parana,2023-11-09,18:00:00,26.7,Parcialmente nublado,34.67,20.1,2023-11-09 18:00:00,3
parana,2023-11-09,19:00:00,25.5,Parcialmente nublado,39.1,16.6,2023-11-09 19:00:00,3
parana,2023-11-09,20:00:00,23.6,Parcialmente nublado,44.59,9.7,2023-11-09 20:00:00,3
parana,2023-11-09,21:00:00,23.4,Parcialmente nublado,43.93,16.4,2023-11-09 21:00:00,3
parana,2023-11-09,22:00:00,22.5,Parcialmente nublado,45.7,16.2,2023-11-09 22:00:00,3
parana,2023-11-09,23:00:00,22.1,Parcialmente nublado,51.12,14.9,2023-11-09 23:00:00,3
parana,2023-11-10,00:00:00,21.9,Nublado,51.24,20.5,2023-11-10 00:00:00,1
parana,2023-11-10,01:00:00,21.6,Nublado,50.79,18.2,2023-11-10 01:00:00,1
parana,2023-11-10,02:00:00,21.1,Nublado,54.71,12.6,2023-11-10 02:00:00,1
parana,2023-11-10,03:00:00,20.4,Nublado,62.08,14.8,2023-11-10 03:00:00,1
parana,2023-11-10,04:00:00,18.6,Nublado,76.05,9.4,2023-11-10 04:00:00,1
parana,2023-11-10,05:00:00,19.3,Nublado,74.25,16.6,2023-11-10 05:00:00,1
parana,2023-11-10,06:00:00,19.2,Nublado,81.37,17.6,2023-11-10 06:00:00,1
parana,2023-11-10,07:00:00,19.4,Nublado,83.29,17.8,2023-11-10 07:00:00,1
parana,2023-11-10,08:00:00,19.1,Nublado,93.98,18.0,2023-11-10 08:00:00,1
parana,2023-11-10,09:00:00,19.5,Lluvia,93.52,20.3,2023-11-10 09:00:00,4
parana,2023-11-10,10:00:00,20.4,Nublado,89.69,20.1,2023-11-10 10:00:00,1
parana,2023-11-10,11:00:00,20.3,Nublado,95.37,15.1,2023-11-10 11:00:00,1
parana,2023-11-10,12:00:00,20.8,Nublado,92.47,16.7,2023-11-10 12:00:00,1
parana,2023-11-10,13:00:00,21.6,Nublado,92.01,20.1,2023-11-10 13:00:00,1
parana,2023-11-10,14:00:00,22.2,Nublado,85.37,20.1,2023-11-10 14:00:00,1
parana,2023-11-10,15:00:00,22.7,Lluvia,86.59,21.5,2023-11-10 15:00:00,4
parana,2023-11-10,16:00:00,22.7,Nublado,85.91,19.9,2023-11-10 16:00:00,1
parana,2023-11-10,17:00:00,23.7,Nublado,81.93,18.4,2023-11-10 17:00:00,1
parana,2023-11-10,18:00:00,23.6,Nublado,84.02,16.4,2023-11-10 18:00:00,1
parana,2023-11-10,19:00:00,23.7,Nublado,85.0,10.6,2023-11-10 19:00:00,1
parana,2023-11-10,20:00:00,24.0,Nublado,83.82,11.0,2023-11-10 20:00:00,1
parana,2023-11-10,21:00:00,24.1,Nublado,83.61,13.8,2023-11-10 21:00:00,1
parana,2023-11-10,22:00:00,23.7,Nublado,85.91,14.6,2023-11-10 22:00:00,1
parana,2023-11-10,23:00:00,23.5,Nublado,86.72,17.9,2023-11-10 23:00:00,1
parana,2023-11-11,00:00:00,23.3,Nublado,86.81,18.1,2023-11-11 00:00:00,1
parana,2023-11-11,01:00:00,23.4,Parcialmente nublado,86.93,7.6,2023-11-11 01:00:00,3
parana,2023-11-11,02:00:00,23.9,Nublado,86.3,13.0,2023-11-11 02:00:00,1
parana,2023-11-11,03:00:00,21.4,Nublado,88.38,33.7,2023-11-11 03:00:00,1
parana,2023-11-11,04:00:00,19.5,Nublado,90.05,18.6,2023-11-11 04:00:00,1
parana,2023-11-11,05:00:00,19.8,Parcialmente nublado,89.39,9.7,2023-11-11 05:00:00,3
parana,2023-11-11,06:00:00,19.2,Parcialmente nublado,91.88,5.4,2023-11-11 06:00:00,3
parana,2023-11-11,07:00:00,19.1,Parcialmente nublado,89.71,5.2,2023-11-11 07:00:00,3
parana,2023-11-11,08:00:00,21.2,Parcialmente nublado,82.29,9.5,2023-11-11 08:00:00,3
parana,2023-11-11,09:00:00,23.1,Lluvia,73.63,10.1,2023-11-11 09:00:00,4
parana,2023-11-11,10:00:00,24.5,Despejado,68.24,16.7,2023-11-11 10:00:00,2
parana,2023-11-11,11:00:00,25.9,Despejado,62.79,13.1,2023-11-11 11:00:00,2
parana,2023-11-11,12:00:00,27.6,Despejado,48.91,16.7,2023-11-11 12:00:00,2
parana,2023-11-11,13:00:00,28.7,Despejado,45.95,18.4,2023-11-11 13:00:00,2
parana,2023-11-11,14:00:00,29.5,Despejado,43.46,23.1,2023-11-11 14:00:00,2
parana,2023-11-11,15:00:00,29.4,Despejado,44.98,22.7,2023-11-11 15:00:00,2
parana,2023-11-11,16:00:00,29.9,Despejado,37.71,20.9,2023-11-11 16:00:00,2
parana,2023-11-11,17:00:00,29.7,Despejado,41.91,23.3,2023-11-11 17:00:00,2
parana,2023-11-11,18:00:00,29.0,Despejado,42.68,20.3,2023-11-11 18:00:00,2
parana,2023-11-11,19:00:00,27.6,Despejado,46.51,15.8,2023-11-11 19:00:00,2
parana,2023-11-11,20:00:00,25.1,Despejado,52.41,12.8,2023-11-11 20:00:00,2
parana,2023-11-11,21:00:00,23.3,Despejado,61.48,13.1,2023-11-11 21:00:00,2
parana,2023-11-11,22:00:00,22.3,Despejado,68.13,12.1,2023-11-11 22:00:00,2
parana,2023-11-11,23:00:00,21.8,Despejado,72.82,12.8,2023-11-11 23:00:00,2
parana,2023-11-12,00:00:00,21.0,Despejado,76.63,11.5,2023-11-12 00:00:00,2
parana,2023-11-12,01:00:00,20.7,Despejado,78.31,15.4,2023-11-12 01:00:00,2
parana,2023-11-12,02:00:00,21.2,Despejado,72.38,15.8,2023-11-12 02:00:00,2
parana,2023-11-12,03:00:00,20.9,Parcialmente nublado,72.98,14.4,2023-11-12 03:00:00,3
parana,2023-11-12,04:00:00,20.2,Parcialmente nublado,74.58,18.2,2023-11-12 04:00:00,3
parana,2023-11-12,05:00:00,20.3,Parcialmente nublado,73.98,14.4,2023-11-12 05:00:00,3
parana,2023-11-12,06:00:00,19.8,Parcialmente nublado,75.28,17.5,2023-11-12 06:00:00,3
parana,2023-11-12,07:00:00,20.2,Nublado,71.13,21.7,2023-11-12 07:00:00,1
parana,2023-11-12,08:00:00,18.0,Nublado,92.97,18.4,2023-11-12 08:00:00,1
parana,2023-11-12,09:00:00,19.8,Lluvia,85.82,28.3,2023-11-12 09:00:00,4
parana,2023-11-12,10:00:00,23.0,Parcialmente nublado,67.25,30.9,2023-11-12 10:00:00,3
parana,2023-11-12,11:00:00,23.8,Parcialmente nublado,65.97,38.5,2023-11-12 11:00:00,3
parana,2023-11-12,12:00:00,24.1,Parcialmente nublado,63.77,38.5,2023-11-12 12:00:00,3
parana,2023-11-12,13:00:00,23.5,Nublado,65.95,31.5,2023-11-12 13:00:00,1
parana,2023-11-12,14:00:00,23.0,Nublado,69.69,30.7,2023-11-12 14:00:00,1
parana,2023-11-12,15:00:00,23.6,Nublado,68.55,32.7,2023-11-12 15:00:00,1
parana,2023-11-12,16:00:00,23.1,Nublado,59.82,37.3,2023-11-12 16:00:00,1
parana,2023-11-12,17:00:00,22.7,Parcialmente nublado,58.88,35.5,2023-11-12 17:00:00,3
parana,2023-11-12,18:00:00,23.0,Parcialmente nublado,58.71,34.7,2023-11-12 18:00:00,3
parana,2023-11-12,19:00:00,22.6,Parcialmente nublado,59.29,32.7,2023-11-12 19:00:00,3
parana,2023-11-12,20:00:00,21.7,Parcialmente nublado,62.44,25.9,2023-11-12 20:00:00,3
parana,2023-11-12,21:00:00,21.7,Nublado,68.3,20.5,2023-11-12 21:00:00,1
parana,2023-11-12,22:00:00,21.6,Nublado,74.87,26.1,2023-11-12 22:00:00,1
parana,2023-11-12,23:00:00,21.0,Nublado,76.12,20.9,2023-11-12 23:00:00,1
parana,2023-11-13,00:00:00,19.8,Nublado,82.7,19.5,2023-11-13 00:00:00,1
parana,2023-11-13,01:00:00,18.8,Nublado,82.69,25.9,2023-11-13 01:00:00,1
parana,2023-11-13,02:00:00,17.9,Nublado,82.67,31.9,2023-11-13 02:00:00,1
parana,2023-11-13,03:00:00,17.5,Nublado,83.56,18.4,2023-11-13 03:00:00,1
parana,2023-11-13,04:00:00,17.2,Nublado,89.53,14.9,2023-11-13 04:00:00,1
parana,2023-11-13,05:00:00,16.9,Nublado,89.38,13.3,2023-11-13 05:00:00,1
parana,2023-11-13,06:00:00,16.8,Nublado,89.37,14.9,2023-11-13 06:00:00,1
parana,2023-11-13,07:00:00,16.8,Nublado,88.25,15.1,2023-11-13 07:00:00,1
parana,2023-11-13,08:00:00,17.2,Nublado,84.47,16.6,2023-11-13 08:00:00,1
parana,2023-11-13,09:00:00,16.7,Lluvia,88.5,11.0,2023-11-13 09:00:00,4
parana,2023-11-13,10:00:00,16.3,Parcialmente nublado,88.13,16.7,2023-11-13 10:00:00,3
parana,2023-11-13,11:00:00,18.8,Parcialmente nublado,80.72,22.3,2023-11-13 11:00:00,3
parana,2023-11-13,12:00:00,21.5,Parcialmente nublado,68.99,19.1,2023-11-13 12:00:00,3
parana,2023-11-13,13:00:00,23.3,Parcialmente nublado,59.36,18.8,2023-11-13 13:00:00,3
parana,2023-11-13,14:00:00,23.9,Nublado,56.7,15.9,2023-11-13 14:00:00,1
parana,2023-11-13,15:00:00,24.2,Lluvia,55.55,18.8,2023-11-13 15:00:00,4
parana,2023-11-13,16:00:00,24.7,Parcialmente nublado,52.85,21.3,2023-11-13 16:00:00,3
parana,2023-11-13,17:00:00,24.4,Parcialmente nublado,52.63,22.3,2023-11-13 17:00:00,3
parana,2023-11-13,18:00:00,23.1,Parcialmente nublado,59.66,20.9,2023-11-13 18:00:00,3
parana,2023-11-13,19:00:00,22.2,Parcialmente nublado,65.06,20.5,2023-11-13 19:00:00,3
parana,2023-11-13,20:00:00,20.5,Despejado,70.82,18.0,2023-11-13 20:00:00,2
parana,2023-11-13,21:00:00,19.1,Despejado,77.11,11.5,2023-11-13 21:00:00,2
parana,2023-11-13,22:00:00,18.3,Despejado,77.35,9.7,2023-11-13 22:00:00,2
parana,2023-11-13,23:00:00,17.1,Despejado,83.41,8.1,2023-11-13 23:00:00,2
parana,2023-11-14,00:00:00,16.4,Despejado,85.3,9.2,2023-11-14 00:00:00,2
parana,2023-11-14,01:00:00,15.9,Despejado,86.36,4.2,2023-11-14 01:00:00,2
parana,2023-11-14,02:00:00,15.3,Despejado,87.96,5.6,2023-11-14 02:00:00,2
parana,2023-11-14,03:00:00,14.9,Despejado,90.13,5.6,2023-11-14 03:00:00,2
parana,2023-11-14,04:00:00,14.1,Despejado,94.4,9.7,2023-11-14 04:00:00,2
parana,2023-11-14,05:00:00,14.0,Despejado,95.96,11.3,2023-11-14 05:00:00,2
parana,2023-11-14,06:00:00,13.8,Nublado,96.02,17.0,2023-11-14 06:00:00,1
parana,2023-11-14,07:00:00,14.5,Nublado,95.65,19.9,2023-11-14 07:00:00,1
parana,2023-11-14,08:00:00,16.2,Parcialmente nublado,89.09,20.5,2023-11-14 08:00:00,3
parana,2023-11-14,09:00:00,17.3,Parcialmente nublado,80.74,17.2,2023-11-14 09:00:00,3
parana,2023-11-14,10:00:00,18.7,Parcialmente nublado,70.99,11.9,2023-11-14 10:00:00,3
parana,2023-11-14,11:00:00,20.7,Despejado,67.09,12.2,2023-11-14 11:00:00,2
parana,2023-11-14,12:00:00,23.1,Despejado,51.54,14.0,2023-11-14 12:00:00,2
parana,2023-11-14,13:00:00,25.2,Despejado,47.14,16.4,2023-11-14 13:00:00,2
parana,2023-11-14,14:00:00,26.1,Despejado,44.55,16.4,2023-11-14 14:00:00,2
parana,2023-11-14,15:00:00,26.6,Despejado,40.88,16.4,2023-11-14 15:00:00,2
parana,2023-11-14,16:00:00,26.9,Despejado,42.2,14.8,2023-11-14 16:00:00,2
parana,2023-11-14,17:00:00,27.1,Parcialmente nublado,42.65,15.7,2023-11-14 17:00:00,3
parana,2023-11-14,18:00:00,25.3,Despejado,52.86,14.0,2023-11-14 18:00:00,2
parana,2023-11-14,19:00:00,25.2,Despejado,58.7,13.0,2023-11-14 19:00:00,2
parana,2023-11-14,20:00:00,23.7,Despejado,65.99,7.6,2023-11-14 20:00:00,2
parana,2023-11-14,21:00:00,22.8,Parcialmente nublado,73.1,3.6,2023-11-14 21:00:00,3
parana,2023-11-14,22:00:00,22.7,Parcialmente nublado,74.54,7.3,2023-11-14 22:00:00,3
parana,2023-11-14,23:00:00,22.3,Parcialmente nublado,77.04,5.4,2023-11-14 23:00:00,3
parana,2023-11-15,00:00:00,22.0,Parcialmente nublado,80.24,6.0,2023-11-15 00:00:00,3
parana,2023-11-15,01:00:00,21.7,Parcialmente nublado,82.97,9.2,2023-11-15 01:00:00,3
parana,2023-11-15,02:00:00,21.3,Parcialmente nublado,86.05,14.2,2023-11-15 02:00:00,3
parana,2023-11-15,03:00:00,20.7,Lluvia,91.31,16.0,2023-11-15 03:00:00,4
parana,2023-11-15,04:00:00,20.4,Nublado,95.35,12.6,2023-11-15 04:00:00,1
parana,2023-11-15,05:00:00,20.4,Nublado,95.35,12.2,2023-11-15 05:00:00,1
parana,2023-11-15,06:00:00,20.2,Nublado,96.83,10.4,2023-11-15 06:00:00,1
parana,2023-11-15,07:00:00,20.4,Nublado,95.95,12.6,2023-11-15 07:00:00,1
parana,2023-11-15,08:00:00,19.1,Nublado,94.18,14.4,2023-11-15 08:00:00,1
parana,2023-11-15,09:00:00,18.9,Lluvia,93.99,12.8,2023-11-15 09:00:00,4
parana,2023-11-15,10:00:00,20.8,Parcialmente nublado,90.67,14.8,2023-11-15 10:00:00,3
parana,2023-11-15,11:00:00,23.3,Parcialmente nublado,76.14,18.0,2023-11-15 11:00:00,3
parana,2023-11-15,12:00:00,24.3,Parcialmente nublado,72.31,17.4,2023-11-15 12:00:00,3
parana,2023-11-15,13:00:00,25.7,Parcialmente nublado,69.18,12.6,2023-11-15 13:00:00,3
parana,2023-11-15,14:00:00,26.7,Parcialmente nublado,66.15,9.5,2023-11-15 14:00:00,3
parana,2023-11-15,15:00:00,26.9,Parcialmente nublado,65.38,8.8,2023-11-15 15:00:00,3
parana,2023-11-15,16:00:00,27.6,Parcialmente nublado,64.51,10.6,2023-11-15 16:00:00,3
parana,2023-11-15,17:00:00,27.4,Parcialmente nublado,66.5,11.0,2023-11-15 17:00:00,3
parana,2023-11-15,18:00:00,27.2,Parcialmente nublado,65.31,9.7,2023-11-15 18:00:00,3
parana,2023-11-15,19:00:00,26.3,Parcialmente nublado,68.33,18.0,2023-11-15 19:00:00,3
parana,2023-11-15,20:00:00,24.2,Parcialmente nublado,67.87,9.4,2023-11-15 20:00:00,3
parana,2023-11-15,21:00:00,22.8,Parcialmente nublado,75.77,1.0,2023-11-15 21:00:00,3
parana,2023-11-15,22:00:00,22.9,Parcialmente nublado,73.96,0.6,2023-11-15 22:00:00,3
parana,2023-11-15,23:00:00,22.1,Parcialmente nublado,78.07,0.4,2023-11-15 23:00:00,3
parana,2023-11-16,00:00:00,21.6,Parcialmente nublado,80.28,0.0,2023-11-16 00:00:00,3
parana,2023-11-16,01:00:00,21.1,Parcialmente nublado,80.78,0.0,2023-11-16 01:00:00,3
parana,2023-11-16,02:00:00,20.5,Parcialmente nublado,82.34,8.3,2023-11-16 02:00:00,3
parana,2023-11-16,03:00:00,19.7,Parcialmente nublado,83.93,5.8,2023-11-16 03:00:00,3
parana,2023-11-16,04:00:00,20.0,Nublado,84.12,11.5,2023-11-16 04:00:00,1
parana,2023-11-16,05:00:00,19.6,Nublado,88.06,21.5,2023-11-16 05:00:00,1
parana,2023-11-16,06:00:00,19.6,Nublado,88.79,23.2,2023-11-16 06:00:00,1
parana,2023-11-16,07:00:00,17.9,Nublado,84.73,8.1,2023-11-16 07:00:00,1
parana,2023-11-16,08:00:00,18.2,Parcialmente nublado,82.96,14.1,2023-11-16 08:00:00,3
parana,2023-11-16,09:00:00,19.2,Parcialmente nublado,80.67,19.0,2023-11-16 09:00:00,3
parana,2023-11-16,10:00:00,23.3,Despejado,47.46,29.0,2023-11-16 10:00:00,2
parana,2023-11-16,11:00:00,23.2,Despejado,38.59,29.9,2023-11-16 11:00:00,2
parana,2023-11-16,12:00:00,24.5,Despejado,33.05,24.1,2023-11-16 12:00:00,2
parana,2023-11-16,13:00:00,25.4,Despejado,33.51,20.9,2023-11-16 13:00:00,2
parana,2023-11-16,14:00:00,26.0,Despejado,34.81,18.8,2023-11-16 14:00:00,2
parana,2023-11-16,15:00:00,26.5,Despejado,33.91,17.2,2023-11-16 15:00:00,2
parana,2023-11-16,16:00:00,27.0,Despejado,33.17,16.6,2023-11-16 16:00:00,2
parana,2023-11-16,17:00:00,26.8,Despejado,32.11,9.9,2023-11-16 17:00:00,2
parana,2023-11-16,18:00:00,26.7,Despejado,33.32,13.3,2023-11-16 18:00:00,2
parana,2023-11-16,19:00:00,25.1,Despejado,39.58,7.3,2023-11-16 19:00:00,2
parana,2023-11-16,20:00:00,23.5,Parcialmente nublado,46.33,7.2,2023-11-16 20:00:00,3
parana,2023-11-16,21:00:00,22.1,Parcialmente nublado,55.1,3.6,2023-11-16 21:00:00,3
parana,2023-11-16,22:00:00,20.1,Parcialmente nublado,62.92,0.4,2023-11-16 22:00:00,3
parana,2023-11-16,23:00:00,20.2,Parcialmente nublado,63.02,4.2,2023-11-16 23:00:00,3
parana,2023-11-17,00:00:00,20.3,Parcialmente nublado,62.53,7.9,2023-11-17 00:00:00,3
parana,2023-11-17,01:00:00,19.6,Parcialmente nublado,67.63,0.8,2023-11-17 01:00:00,3
parana,2023-11-17,02:00:00,18.7,Parcialmente nublado,69.22,0.8,2023-11-17 02:00:00,3
parana,2023-11-17,03:00:00,17.9,Parcialmente nublado,77.25,7.9,2023-11-17 03:00:00,3
parana,2023-11-17,04:00:00,18.3,Parcialmente nublado,74.48,7.6,2023-11-17 04:00:00,3
parana,2023-11-17,05:00:00,18.8,Nublado,72.29,7.9,2023-11-17 05:00:00,1
parana,2023-11-17,06:00:00,19.3,Nublado,72.27,10.7,2023-11-17 06:00:00,1
parana,2023-11-17,07:00:00,19.3,Nublado,80.95,13.1,2023-11-17 07:00:00,1
parana,2023-11-17,08:00:00,19.6,Nublado,93.39,5.1,2023-11-17 08:00:00,1
parana,2023-11-17,09:00:00,21.0,Lluvia,71.38,10.6,2023-11-17 09:00:00,4
parana,2023-11-17,10:00:00,19.7,Nublado,84.28,21.6,2023-11-17 10:00:00,1
parana,2023-11-17,11:00:00,21.1,Parcialmente nublado,77.57,29.0,2023-11-17 11:00:00,3
parana,2023-11-17,12:00:00,24.8,Parcialmente nublado,55.03,27.9,2023-11-17 12:00:00,3
parana,2023-11-17,13:00:00,26.8,Parcialmente nublado,48.94,24.8,2023-11-17 13:00:00,3
parana,2023-11-17,14:00:00,28.2,Parcialmente nublado,47.26,27.7,2023-11-17 14:00:00,3
parana,2023-11-17,15:00:00,28.7,Lluvia,41.84,23.2,2023-11-17 15:00:00,4
parana,2023-11-17,16:00:00,28.5,Parcialmente nublado,41.55,22.1,2023-11-17 16:00:00,3
parana,2023-11-17,17:00:00,28.8,Parcialmente nublado,39.27,16.7,2023-11-17 17:00:00,3
parana,2023-11-17,18:00:00,28.7,Parcialmente nublado,44.07,18.0,2023-11-17 18:00:00,3
parana,2023-11-17,19:00:00,28.1,Parcialmente nublado,49.1,4.2,2023-11-17 19:00:00,3
parana,2023-11-17,20:00:00,25.1,Parcialmente nublado,62.1,24.5,2023-11-17 20:00:00,3
parana,2023-11-17,21:00:00,20.4,Parcialmente nublado,79.13,26.3,2023-11-17 21:00:00,3
parana,2023-11-17,22:00:00,20.2,Despejado,79.82,9.7,2023-11-17 22:00:00,2
parana,2023-11-17,23:00:00,19.6,Parcialmente nublado,81.74,9.4,2023-11-17 23:00:00,3
parana,2023-11-18,00:00:00,19.2,Parcialmente nublado,84.23,8.3,2023-11-18 00:00:00,3
parana,2023-11-18,01:00:00,19.0,Parcialmente nublado,86.47,11.0,2023-11-18 01:00:00,3
parana,2023-11-18,02:00:00,19.8,Nublado,85.36,11.2,2023-11-18 02:00:00,1
parana,2023-11-18,03:00:00,20.9,Nublado,79.62,8.7,2023-11-18 03:00:00,1
parana,2023-11-18,04:00:00,20.4,Nublado,81.25,7.7,2023-11-18 04:00:00,1
parana,2023-11-18,05:00:00,19.8,Nublado,86.2,21.7,2023-11-18 05:00:00,1
parana,2023-11-18,06:00:00,20.1,Nublado,83.63,14.1,2023-11-18 06:00:00,1
parana,2023-11-18,07:00:00,19.8,Nublado,80.33,22.9,2023-11-18 07:00:00,1
parana,2023-11-18,08:00:00,19.3,Parcialmente nublado,63.14,33.9,2023-11-18 08:00:00,3
parana,2023-11-18,09:00:00,19.8,Parcialmente nublado,48.19,44.6,2023-11-18 09:00:00,3
parana,2023-11-18,10:00:00,20.7,Parcialmente nublado,32.07,40.7,2023-11-18 10:00:00,3
parana,2023-11-18,11:00:00,21.3,Despejado,32.23,38.7,2023-11-18 11:00:00,2
parana,2023-11-18,12:00:00,22.4,Despejado,28.06,15.9,2023-11-18 12:00:00,2
parana,2023-11-18,13:00:00,23.0,Despejado,27.5,27.5,2023-11-18 13:00:00,2
parana,2023-11-18,14:00:00,23.3,Parcialmente nublado,26.85,29.0,2023-11-18 14:00:00,3
parana,2023-11-18,15:00:00,22.4,Parcialmente nublado,26.1,21.1,2023-11-18 15:00:00,3
parana,2023-11-18,16:00:00,22.2,Parcialmente nublado,25.68,15.1,2023-11-18 16:00:00,3
parana,2023-11-18,17:00:00,22.3,Parcialmente nublado,25.48,16.7,2023-11-18 17:00:00,3
parana,2023-11-18,18:00:00,21.6,Parcialmente nublado,27.54,13.3,2023-11-18 18:00:00,3
parana,2023-11-18,19:00:00,21.0,Parcialmente nublado,28.0,15.4,2023-11-18 19:00:00,3
parana,2023-11-18,20:00:00,18.3,Parcialmente nublado,43.94,3.6,2023-11-18 20:00:00,3
parana,2023-11-18,21:00:00,17.2,Parcialmente nublado,45.72,0.4,2023-11-18 21:00:00,3
parana,2023-11-18,22:00:00,16.4,Parcialmente nublado,49.01,0.4,2023-11-18 22:00:00,3
parana,2023-11-18,23:00:00,15.9,Despejado,49.7,0.4,2023-11-18 23:00:00,2
parana,2023-11-19,00:00:00,15.2,Despejado,50.67,0.4,2023-11-19 00:00:00,2
parana,2023-11-19,01:00:00,15.5,Despejado,50.37,0.6,2023-11-19 01:00:00,2
parana,2023-11-19,02:00:00,15.2,Despejado,51.03,0.6,2023-11-19 02:00:00,2
parana,2023-11-19,03:00:00,13.9,Parcialmente nublado,57.55,0.8,2023-11-19 03:00:00,3
parana,2023-11-19,04:00:00,13.1,Nublado,56.72,0.0,2023-11-19 04:00:00,1
parana,2023-11-19,05:00:00,12.9,Parcialmente nublado,58.03,0.0,2023-11-19 05:00:00,3
parana,2023-11-19,06:00:00,12.9,Despejado,63.28,3.8,2023-11-19 06:00:00,2
parana,2023-11-19,07:00:00,13.4,Parcialmente nublado,69.07,0.0,2023-11-19 07:00:00,3
parana,2023-11-19,08:00:00,16.9,Parcialmente nublado,61.7,3.6,2023-11-19 08:00:00,3
parana,2023-11-19,09:00:00,20.4,Parcialmente nublado,43.9,7.3,2023-11-19 09:00:00,3
parana,2023-11-19,10:00:00,22.8,Parcialmente nublado,32.64,10.6,2023-11-19 10:00:00,3
parana,2023-11-19,11:00:00,24.2,Parcialmente nublado,29.53,11.0,2023-11-19 11:00:00,3
parana,2023-11-19,12:00:00,24.7,Parcialmente nublado,29.96,8.8,2023-11-19 12:00:00,3
parana,2023-11-19,13:00:00,25.7,Parcialmente nublado,30.0,11.2,2023-11-19 13:00:00,3
parana,2023-11-19,14:00:00,26.4,Parcialmente nublado,29.92,11.2,2023-11-19 14:00:00,3
parana,2023-11-19,15:00:00,27.1,Parcialmente nublado,30.21,11.2,2023-11-19 15:00:00,3
parana,2023-11-19,16:00:00,27.5,Parcialmente nublado,28.35,14.6,2023-11-19 16:00:00,3
parana,2023-11-19,17:00:00,27.5,Parcialmente nublado,34.8,11.7,2023-11-19 17:00:00,3
parana,2023-11-19,18:00:00,26.6,Parcialmente nublado,36.74,14.8,2023-11-19 18:00:00,3
parana,2023-11-19,19:00:00,25.7,Parcialmente nublado,41.19,11.2,2023-11-19 19:00:00,3
parana,2023-11-19,20:00:00,23.5,Parcialmente nublado,51.64,7.6,2023-11-19 20:00:00,3
parana,2023-11-19,21:00:00,22.6,Despejado,55.26,7.6,2023-11-19 21:00:00,2
parana,2023-11-19,22:00:00,21.6,Despejado,56.56,7.6,2023-11-19 22:00:00,2
parana,2023-11-19,23:00:00,20.8,Despejado,54.74,3.8,2023-11-19 23:00:00,2
parana,2023-11-20,00:00:00,20.3,Despejado,57.48,3.8,2023-11-20 00:00:00,2
parana,2023-11-20,01:00:00,19.1,Despejado,60.24,7.6,2023-11-20 01:00:00,2
parana,2023-11-20,02:00:00,18.6,Nublado,63.08,11.0,2023-11-20 02:00:00,1
parana,2023-11-20,03:00:00,18.2,Parcialmente nublado,64.25,6.0,2023-11-20 03:00:00,3
parana,2023-11-20,04:00:00,17.8,Parcialmente nublado,65.91,4.2,2023-11-20 04:00:00,3
parana,2023-11-20,05:00:00,17.8,Parcialmente nublado,66.85,7.9,2023-11-20 05:00:00,3
parana,2023-11-20,06:00:00,17.3,Parcialmente nublado,71.66,1.2,2023-11-20 06:00:00,3
parana,2023-11-20,07:00:00,18.4,Parcialmente nublado,67.09,4.6,2023-11-20 07:00:00,3
parana,2023-11-20,08:00:00,20.8,Parcialmente nublado,62.27,12.1,2023-11-20 08:00:00,3
parana,2023-11-20,09:00:00,24.3,Parcialmente nublado,50.87,22.3,2023-11-20 09:00:00,3
parana,2023-11-20,10:00:00,25.8,Parcialmente nublado,44.33,32.3,2023-11-20 10:00:00,3
parana,2023-11-20,11:00:00,26.9,Parcialmente nublado,37.19,33.0,2023-11-20 11:00:00,3
parana,2023-11-20,12:00:00,28.3,Parcialmente nublado,33.48,36.7,2023-11-20 12:00:00,3
parana,2023-11-20,13:00:00,29.1,Parcialmente nublado,31.57,36.3,2023-11-20 13:00:00,3
parana,2023-11-20,14:00:00,30.3,Parcialmente nublado,26.81,32.3,2023-11-20 14:00:00,3
parana,2023-11-20,15:00:00,30.4,Despejado,26.24,34.3,2023-11-20 15:00:00,2
parana,2023-11-20,16:00:00,30.8,Despejado,26.0,27.0,2023-11-20 16:00:00,2
parana,2023-11-20,17:00:00,30.5,Despejado,28.19,26.4,2023-11-20 17:00:00,2
parana,2023-11-20,18:00:00,30.1,Despejado,33.53,22.1,2023-11-20 18:00:00,2
parana,2023-11-20,19:00:00,28.7,Despejado,43.39,17.4,2023-11-20 19:00:00,2
parana,2023-11-20,20:00:00,27.4,Parcialmente nublado,52.3,15.4,2023-11-20 20:00:00,3
parana,2023-11-20,21:00:00,26.3,Despejado,59.38,12.3,2023-11-20 21:00:00,2
parana,2023-11-20,22:00:00,25.6,Despejado,62.96,5.8,2023-11-20 22:00:00,2
parana,2023-11-20,23:00:00,25.1,Despejado,64.06,11.2,2023-11-20 23:00:00,2
parana,2023-11-21,00:00:00,25.0,Parcialmente nublado,63.42,8.3,2023-11-21 00:00:00,3
parana,2023-11-21,01:00:00,24.6,Despejado,65.18,9.7,2023-11-21 01:00:00,2
parana,2023-11-21,02:00:00,24.0,Despejado,68.61,7.7,2023-11-21 02:00:00,2
parana,2023-11-21,03:00:00,23.5,Parcialmente nublado,71.79,4.0,2023-11-21 03:00:00,3
parana,2023-11-21,04:00:00,23.2,Nublado,78.63,1.2,2023-11-21 04:00:00,1
parana,2023-11-21,05:00:00,22.3,Despejado,78.51,4.0,2023-11-21 05:00:00,2
parana,2023-11-21,06:00:00,22.0,Parcialmente nublado,81.82,1.0,2023-11-21 06:00:00,3
parana,2023-11-21,07:00:00,22.4,Nublado,83.16,4.4,2023-11-21 07:00:00,1
parana,2023-11-21,08:00:00,25.4,Despejado,79.57,6.2,2023-11-21 08:00:00,2
parana,2023-11-21,09:00:00,28.3,Parcialmente nublado,78.81,13.0,2023-11-21 09:00:00,3
parana,2023-11-21,10:00:00,29.3,Despejado,75.31,15.2,2023-11-21 10:00:00,2
parana,2023-11-21,11:00:00,30.2,Parcialmente nublado,72.28,10.6,2023-11-21 11:00:00,3
parana,2023-11-21,12:00:00,30.8,Parcialmente nublado,71.52,10.8,2023-11-21 12:00:00,3
parana,2023-11-21,13:00:00,32.0,Parcialmente nublado,66.65,8.1,2023-11-21 13:00:00,3
parana,2023-11-21,14:00:00,29.3,Nublado,65.36,17.6,2023-11-21 14:00:00,1
parana,2023-11-21,15:00:00,28.1,Nublado,69.1,18.2,2023-11-21 15:00:00,1
parana,2023-11-21,16:00:00,24.7,Nublado,86.93,12.7,2023-11-21 16:00:00,1
parana,2023-11-21,17:00:00,22.7,Nublado,91.84,13.9,2023-11-21 17:00:00,1
parana,2023-11-21,18:00:00,22.2,Nublado,84.4,26.2,2023-11-21 18:00:00,1
parana,2023-11-21,19:00:00,20.7,Nublado,74.19,23.3,2023-11-21 19:00:00,1
parana,2023-11-21,20:00:00,18.5,Nublado,80.72,31.5,2023-11-21 20:00:00,1
parana,2023-11-21,21:00:00,18.2,Lluvia,87.11,28.6,2023-11-21 21:00:00,4
parana,2023-11-21,22:00:00,18.0,Nublado,90.77,28.5,2023-11-21 22:00:00,1
parana,2023-11-21,23:00:00,18.0,Nublado,90.65,24.3,2023-11-21 23:00:00,1
parana,2023-11-22,00:00:00,17.7,Nublado,93.79,24.1,2023-11-22 00:00:00,1
parana,2023-11-22,01:00:00,18.2,Nublado,91.41,16.7,2023-11-22 01:00:00,1
parana,2023-11-22,02:00:00,18.0,Nublado,92.09,7.7,2023-11-22 02:00:00,1
parana,2023-11-22,03:00:00,18.1,Nublado,91.3,17.0,2023-11-22 03:00:00,1
parana,2023-11-22,04:00:00,17.7,Nublado,93.34,18.0,2023-11-22 04:00:00,1
parana,2023-11-22,05:00:00,17.8,Nublado,91.98,16.7,2023-11-22 05:00:00,1
parana,2023-11-22,06:00:00,17.5,Nublado,92.31,11.2,2023-11-22 06:00:00,1
parana,2023-11-22,07:00:00,17.7,Nublado,92.32,10.1,2023-11-22 07:00:00,1
parana,2023-11-22,08:00:00,18.5,Nublado,86.85,20.3,2023-11-22 08:00:00,1
parana,2023-11-22,09:00:00,19.5,Lluvia,81.49,22.3,2023-11-22 09:00:00,4
parana,2023-11-22,10:00:00,21.2,Parcialmente nublado,73.38,21.9,2023-11-22 10:00:00,3
parana,2023-11-22,11:00:00,22.8,Parcialmente nublado,70.14,22.3,2023-11-22 11:00:00,3
parana,2023-11-22,12:00:00,24.1,Parcialmente nublado,66.75,18.4,2023-11-22 12:00:00,3
parana,2023-11-22,13:00:00,25.1,Parcialmente nublado,63.87,20.1,2023-11-22 13:00:00,3
parana,2023-11-22,14:00:00,26.1,Parcialmente nublado,59.84,16.4,2023-11-22 14:00:00,3
parana,2023-11-22,15:00:00,26.5,Parcialmente nublado,57.83,18.4,2023-11-22 15:00:00,3
parana,2023-11-22,16:00:00,26.7,Parcialmente nublado,56.31,13.0,2023-11-22 16:00:00,3
parana,2023-11-22,17:00:00,26.7,Parcialmente nublado,54.96,14.9,2023-11-22 17:00:00,3
parana,2023-11-22,18:00:00,26.1,Parcialmente nublado,56.94,14.8,2023-11-22 18:00:00,3
parana,2023-11-22,19:00:00,25.4,Despejado,59.91,14.0,2023-11-22 19:00:00,2
parana,2023-11-22,20:00:00,23.5,Despejado,68.48,7.3,2023-11-22 20:00:00,2
parana,2023-11-22,21:00:00,22.1,Despejado,74.36,7.7,2023-11-22 21:00:00,2
parana,2023-11-22,22:00:00,21.3,Despejado,82.82,5.8,2023-11-22 22:00:00,2
parana,2023-11-22,23:00:00,20.8,Despejado,85.3,8.8,2023-11-22 23:00:00,2
parana,2023-11-23,00:00:00,20.2,Despejado,87.29,7.6,2023-11-23 00:00:00,2
parana,2023-11-23,01:00:00,19.5,Despejado,88.65,9.4,2023-11-23 01:00:00,2
parana,2023-11-23,02:00:00,18.6,Parcialmente nublado,89.2,5.8,2023-11-23 02:00:00,3
parana,2023-11-23,03:00:00,17.6,Parcialmente nublado,92.19,7.3,2023-11-23 03:00:00,3
parana,2023-11-23,04:00:00,17.0,Despejado,90.23,5.6,2023-11-23 04:00:00,2
parana,2023-11-23,05:00:00,16.9,Despejado,87.03,0.8,2023-11-23 05:00:00,2
parana,2023-11-23,06:00:00,16.4,Despejado,88.39,1.0,2023-11-23 06:00:00,2
parana,2023-11-23,07:00:00,17.6,Despejado,85.31,7.6,2023-11-23 07:00:00,2
parana,2023-11-23,08:00:00,20.0,Despejado,66.5,7.3,2023-11-23 08:00:00,2
parana,2023-11-23,09:00:00,21.8,Despejado,64.59,5.4,2023-11-23 09:00:00,2
parana,2023-11-23,10:00:00,23.2,Despejado,63.06,9.7,2023-11-23 10:00:00,2
parana,2023-11-23,11:00:00,25.1,Despejado,50.83,11.3,2023-11-23 11:00:00,2
parana,2023-11-23,12:00:00,25.9,Despejado,47.32,11.7,2023-11-23 12:00:00,2
parana,2023-11-23,13:00:00,27.8,Despejado,26.44,11.5,2023-11-23 13:00:00,2
parana,2023-11-23,14:00:00,29.0,Despejado,26.11,15.4,2023-11-23 14:00:00,2
parana,2023-11-23,15:00:00,28.7,Despejado,27.75,11.5,2023-11-23 15:00:00,2
parana,2023-11-23,16:00:00,29.0,Despejado,29.62,10.1,2023-11-23 16:00:00,2
parana,2023-11-23,17:00:00,29.0,Despejado,28.84,8.7,2023-11-23 17:00:00,2
parana,2023-11-23,18:00:00,28.5,Despejado,31.21,8.3,2023-11-23 18:00:00,2
parana,2023-11-23,19:00:00,26.6,Despejado,52.33,9.5,2023-11-23 19:00:00,2
parana,2023-11-23,20:00:00,25.1,Despejado,53.5,8.1,2023-11-23 20:00:00,2
parana,2023-11-23,21:00:00,23.9,Despejado,57.61,4.0,2023-11-23 21:00:00,2
parana,2023-11-23,22:00:00,23.3,Despejado,55.68,4.2,2023-11-23 22:00:00,2
parana,2023-11-23,23:00:00,21.9,Despejado,60.03,0.4,2023-11-23 23:00:00,2
parana,2023-11-24,00:00:00,21.2,Parcialmente nublado,60.3,3.6,2023-11-24 00:00:00,3
parana,2023-11-24,01:00:00,21.1,Despejado,60.65,3.6,2023-11-24 01:00:00,2
parana,2023-11-24,02:00:00,20.6,Despejado,60.57,3.2,2023-11-24 02:00:00,2
parana,2023-11-24,03:00:00,19.7,Despejado,62.15,3.2,2023-11-24 03:00:00,2
parana,2023-11-24,04:00:00,19.0,Despejado,64.8,3.2,2023-11-24 04:00:00,2
parana,2023-11-24,05:00:00,18.1,Despejado,67.33,0.0,2023-11-24 05:00:00,2
parana,2023-11-24,06:00:00,18.2,Despejado,66.57,3.6,2023-11-24 06:00:00,2
parana,2023-11-24,07:00:00,19.0,Parcialmente nublado,63.99,3.8,2023-11-24 07:00:00,3
parana,2023-11-24,08:00:00,23.0,Parcialmente nublado,65.58,2.0,2023-11-24 08:00:00,3
parana,2023-11-24,09:00:00,25.7,Parcialmente nublado,53.35,0.6,2023-11-24 09:00:00,3
parana,2023-11-24,10:00:00,27.5,Parcialmente nublado,38.56,5.6,2023-11-24 10:00:00,3
parana,2023-11-24,11:00:00,28.4,Parcialmente nublado,37.23,9.2,2023-11-24 11:00:00,3
parana,2023-11-24,12:00:00,29.0,Parcialmente nublado,40.77,5.4,2023-11-24 12:00:00,3
parana,2023-11-24,13:00:00,29.6,Parcialmente nublado,39.34,7.6,2023-11-24 13:00:00,3
parana,2023-11-24,14:00:00,29.4,Parcialmente nublado,38.9,12.0,2023-11-24 14:00:00,3
parana,2023-11-24,15:00:00,29.5,Parcialmente nublado,38.85,12.6,2023-11-24 15:00:00,3
parana,2023-11-24,16:00:00,29.6,Parcialmente nublado,41.17,10.6,2023-11-24 16:00:00,3
parana,2023-11-24,17:00:00,29.2,Parcialmente nublado,41.72,9.4,2023-11-24 17:00:00,3
parana,2023-11-24,18:00:00,28.2,Parcialmente nublado,48.57,7.9,2023-11-24 18:00:00,3
parana,2023-11-24,19:00:00,27.3,Parcialmente nublado,50.72,4.2,2023-11-24 19:00:00,3
parana,2023-11-24,20:00:00,26.2,Parcialmente nublado,55.27,6.0,2023-11-24 20:00:00,3
parana,2023-11-24,21:00:00,25.0,Parcialmente nublado,54.63,9.9,2023-11-24 21:00:00,3
parana,2023-11-24,22:00:00,23.9,Parcialmente nublado,54.6,6.2,2023-11-24 22:00:00,3
parana,2023-11-24,23:00:00,22.8,Parcialmente nublado,55.81,7.9,2023-11-24 23:00:00,3
parana,2023-11-25,00:00:00,21.8,Parcialmente nublado,58.19,4.2,2023-11-25 00:00:00,3
parana,2023-11-25,01:00:00,21.6,Nublado,58.75,4.4,2023-11-25 01:00:00,1
parana,2023-11-25,02:00:00,20.9,Nublado,61.64,5.8,2023-11-25 02:00:00,1
parana,2023-11-25,03:00:00,20.6,Nublado,63.03,6.0,2023-11-25 03:00:00,1
parana,2023-11-25,04:00:00,19.9,Nublado,66.28,4.0,2023-11-25 04:00:00,1
parana,2023-11-25,05:00:00,19.6,Nublado,66.83,5.8,2023-11-25 05:00:00,1
parana,2023-11-25,06:00:00,19.3,Nublado,69.49,6.0,2023-11-25 06:00:00,1
parana,2023-11-25,07:00:00,19.6,Parcialmente nublado,71.64,7.6,2023-11-25 07:00:00,3
parana,2023-11-25,08:00:00,21.5,Parcialmente nublado,63.45,11.3,2023-11-25 08:00:00,3
parana,2023-11-25,09:00:00,23.3,Parcialmente nublado,55.13,21.5,2023-11-25 09:00:00,3
parana,2023-11-25,10:00:00,24.8,Despejado,51.87,16.4,2023-11-25 10:00:00,2
parana,2023-11-25,11:00:00,25.4,Despejado,50.75,17.0,2023-11-25 11:00:00,2
parana,2023-11-25,12:00:00,26.2,Despejado,50.62,18.6,2023-11-25 12:00:00,2
parana,2023-11-25,13:00:00,26.3,Despejado,50.79,16.6,2023-11-25 13:00:00,2
parana,2023-11-25,14:00:00,26.8,Despejado,47.39,13.0,2023-11-25 14:00:00,2
parana,2023-11-25,15:00:00,27.0,Despejado,48.03,18.2,2023-11-25 15:00:00,2
parana,2023-11-25,16:00:00,27.6,Parcialmente nublado,46.1,9.9,2023-11-25 16:00:00,3
parana,2023-11-25,17:00:00,27.6,Parcialmente nublado,48.48,11.3,2023-11-25 17:00:00,3
parana,2023-11-25,18:00:00,27.3,Despejado,50.39,11.5,2023-11-25 18:00:00,2
parana,2023-11-25,19:00:00,26.5,Despejado,55.59,12.4,2023-11-25 19:00:00,2
parana,2023-11-25,20:00:00,24.6,Despejado,64.64,7.3,2023-11-25 20:00:00,2
parana,2023-11-25,21:00:00,23.1,Despejado,67.72,5.6,2023-11-25 21:00:00,2
parana,2023-11-25,22:00:00,22.2,Despejado,67.22,7.6,2023-11-25 22:00:00,2
parana,2023-11-25,23:00:00,21.1,Despejado,70.81,7.3,2023-11-25 23:00:00,2
parana,2023-11-26,00:00:00,20.6,Despejado,72.19,5.4,2023-11-26 00:00:00,2
parana,2023-11-26,01:00:00,19.6,Despejado,74.95,5.2,2023-11-26 01:00:00,2
parana,2023-11-26,02:00:00,19.1,Despejado,75.99,0.4,2023-11-26 02:00:00,2
parana,2023-11-26,03:00:00,18.1,Despejado,83.47,0.0,2023-11-26 03:00:00,2
parana,2023-11-26,04:00:00,17.5,Despejado,85.14,0.0,2023-11-26 04:00:00,2
parana,2023-11-26,05:00:00,17.0,Despejado,84.55,0.4,2023-11-26 05:00:00,2
parana,2023-11-26,06:00:00,16.9,Parcialmente nublado,83.99,0.6,2023-11-26 06:00:00,3
parana,2023-11-26,07:00:00,18.1,Despejado,81.48,3.8,2023-11-26 07:00:00,2
parana,2023-11-26,08:00:00,20.0,Despejado,72.52,7.6,2023-11-26 08:00:00,2
parana,2023-11-26,09:00:00,23.4,Despejado,61.01,9.9,2023-11-26 09:00:00,2
parana,2023-11-26,10:00:00,25.7,Parcialmente nublado,54.46,11.7,2023-11-26 10:00:00,3
parana,2023-11-26,11:00:00,27.1,Parcialmente nublado,44.96,19.6,2023-11-26 11:00:00,3
parana,2023-11-26,12:00:00,27.6,Parcialmente nublado,42.5,14.6,2023-11-26 12:00:00,3
parana,2023-11-26,13:00:00,28.2,Despejado,43.8,15.8,2023-11-26 13:00:00,2
parana,2023-11-26,14:00:00,28.9,Despejado,40.91,9.2,2023-11-26 14:00:00,2
parana,2023-11-26,15:00:00,29.9,Parcialmente nublado,33.46,16.7,2023-11-26 15:00:00,3
parana,2023-11-26,16:00:00,30.1,Despejado,31.77,14.6,2023-11-26 16:00:00,2
parana,2023-11-26,17:00:00,30.1,Parcialmente nublado,33.83,10.1,2023-11-26 17:00:00,3
parana,2023-11-26,18:00:00,29.7,Parcialmente nublado,37.69,12.8,2023-11-26 18:00:00,3
parana,2023-11-26,19:00:00,28.9,Parcialmente nublado,41.04,11.5,2023-11-26 19:00:00,3
parana,2023-11-26,20:00:00,26.9,Parcialmente nublado,44.33,5.6,2023-11-26 20:00:00,3
parana,2023-11-26,21:00:00,26.0,Parcialmente nublado,45.04,0.6,2023-11-26 21:00:00,3
parana,2023-11-26,22:00:00,24.4,Parcialmente nublado,49.44,0.8,2023-11-26 22:00:00,3
parana,2023-11-26,23:00:00,23.3,Parcialmente nublado,51.21,1.0,2023-11-26 23:00:00,3
parana,2023-11-27,00:00:00,23.4,Parcialmente nublado,53.22,4.0,2023-11-27 00:00:00,3
parana,2023-11-27,01:00:00,23.4,Parcialmente nublado,54.67,3.6,2023-11-27 01:00:00,3
parana,2023-11-27,02:00:00,22.9,Parcialmente nublado,56.27,4.0,2023-11-27 02:00:00,3
parana,2023-11-27,03:00:00,20.7,Despejado,67.19,7.7,2023-11-27 03:00:00,2
parana,2023-11-27,04:00:00,20.8,Despejado,66.85,4.6,2023-11-27 04:00:00,2
parana,2023-11-27,05:00:00,20.8,Parcialmente nublado,66.21,1.0,2023-11-27 05:00:00,3
parana,2023-11-27,06:00:00,20.7,Parcialmente nublado,66.76,4.8,2023-11-27 06:00:00,3
parana,2023-11-27,07:00:00,20.9,Parcialmente nublado,72.19,4.6,2023-11-27 07:00:00,3
parana,2023-11-27,08:00:00,23.9,Parcialmente nublado,63.0,8.1,2023-11-27 08:00:00,3
parana,2023-11-27,09:00:00,25.7,Parcialmente nublado,57.88,12.8,2023-11-27 09:00:00,3
parana,2023-11-27,10:00:00,28.1,Parcialmente nublado,51.82,14.8,2023-11-27 10:00:00,3
parana,2023-11-27,11:00:00,30.0,Parcialmente nublado,49.0,12.8,2023-11-27 11:00:00,3
parana,2023-11-27,12:00:00,31.1,Parcialmente nublado,47.55,11.7,2023-11-27 12:00:00,3
parana,2023-11-27,13:00:00,32.0,Parcialmente nublado,45.24,13.3,2023-11-27 13:00:00,3
parana,2023-11-27,14:00:00,32.3,Parcialmente nublado,44.62,13.5,2023-11-27 14:00:00,3
parana,2023-11-27,15:00:00,32.3,Parcialmente nublado,41.92,14.9,2023-11-27 15:00:00,3
parana,2023-11-27,16:00:00,32.3,Parcialmente nublado,43.21,16.7,2023-11-27 16:00:00,3
parana,2023-11-27,17:00:00,32.1,Parcialmente nublado,41.34,16.7,2023-11-27 17:00:00,3
parana,2023-11-27,18:00:00,32.0,Despejado,40.76,18.4,2023-11-27 18:00:00,2
parana,2023-11-27,19:00:00,31.6,Despejado,41.61,17.8,2023-11-27 19:00:00,2
parana,2023-11-27,20:00:00,29.6,Parcialmente nublado,48.49,11.2,2023-11-27 20:00:00,3
parana,2023-11-27,21:00:00,28.4,Despejado,52.29,15.5,2023-11-27 21:00:00,2
parana,2023-11-27,22:00:00,26.3,Despejado,74.59,16.7,2023-11-27 22:00:00,2
parana,2023-11-27,23:00:00,25.3,Despejado,81.61,8.3,2023-11-27 23:00:00,2
parana,2023-11-28,00:00:00,24.6,Despejado,73.29,11.3,2023-11-28 00:00:00,2
parana,2023-11-28,01:00:00,23.5,Despejado,78.44,9.9,2023-11-28 01:00:00,2
parana,2023-11-28,02:00:00,23.0,Despejado,82.15,8.7,2023-11-28 02:00:00,2
parana,2023-11-28,03:00:00,22.8,Despejado,86.09,4.4,2023-11-28 03:00:00,2
parana,2023-11-28,04:00:00,22.8,Despejado,88.89,10.8,2023-11-28 04:00:00,2
parana,2023-11-28,05:00:00,22.7,Despejado,91.99,7.9,2023-11-28 05:00:00,2
parana,2023-11-28,06:00:00,21.7,Despejado,92.68,5.4,2023-11-28 06:00:00,2
parana,2023-11-28,07:00:00,22.5,Despejado,85.66,10.4,2023-11-28 07:00:00,2
parana,2023-11-28,08:00:00,23.7,Despejado,76.04,17.6,2023-11-28 08:00:00,2
parana,2023-11-28,09:00:00,25.7,Despejado,70.47,18.4,2023-11-28 09:00:00,2
parana,2023-11-28,10:00:00,26.7,Despejado,65.05,16.4,2023-11-28 10:00:00,2
parana,2023-11-28,11:00:00,28.7,Despejado,60.34,16.6,2023-11-28 11:00:00,2
parana,2023-11-28,12:00:00,29.6,Despejado,59.7,18.0,2023-11-28 12:00:00,2
parana,2023-11-28,13:00:00,30.1,Despejado,57.97,22.9,2023-11-28 13:00:00,2
parana,2023-11-28,14:00:00,31.0,Parcialmente nublado,54.0,22.7,2023-11-28 14:00:00,3
parana,2023-11-28,15:00:00,30.8,Parcialmente nublado,54.22,23.5,2023-11-28 15:00:00,3
parana,2023-11-28,16:00:00,31.4,Parcialmente nublado,52.95,20.9,2023-11-28 16:00:00,3
parana,2023-11-28,17:00:00,31.6,Parcialmente nublado,52.1,15.5,2023-11-28 17:00:00,3
parana,2023-11-28,18:00:00,31.3,Parcialmente nublado,53.45,15.7,2023-11-28 18:00:00,3
parana,2023-11-28,19:00:00,30.2,Parcialmente nublado,60.18,13.3,2023-11-28 19:00:00,3
parana,2023-11-28,20:00:00,29.1,Despejado,58.03,13.0,2023-11-28 20:00:00,2
parana,2023-11-28,21:00:00,28.0,Despejado,62.75,12.6,2023-11-28 21:00:00,2
parana,2023-11-28,22:00:00,26.9,Despejado,66.09,11.2,2023-11-28 22:00:00,2
parana,2023-11-28,23:00:00,26.2,Despejado,69.96,12.6,2023-11-28 23:00:00,2
parana,2023-11-29,00:00:00,25.7,Parcialmente nublado,72.05,9.0,2023-11-29 00:00:00,3
parana,2023-11-29,01:00:00,24.5,Parcialmente nublado,75.01,4.8,2023-11-29 01:00:00,3
parana,2023-11-29,02:00:00,23.9,Parcialmente nublado,76.46,0.6,2023-11-29 02:00:00,3
parana,2023-11-29,03:00:00,23.2,Parcialmente nublado,78.58,0.0,2023-11-29 03:00:00,3
parana,2023-11-29,04:00:00,22.5,Parcialmente nublado,84.24,0.0,2023-11-29 04:00:00,3
parana,2023-11-29,05:00:00,21.7,Parcialmente nublado,89.1,0.8,2023-11-29 05:00:00,3
parana,2023-11-29,06:00:00,21.8,Parcialmente nublado,87.82,0.6,2023-11-29 06:00:00,3
parana,2023-11-29,07:00:00,23.3,Nublado,81.24,7.7,2023-11-29 07:00:00,1
parana,2023-11-29,08:00:00,24.8,Parcialmente nublado,73.25,11.0,2023-11-29 08:00:00,3
parana,2023-11-29,09:00:00,25.1,Nublado,72.06,10.6,2023-11-29 09:00:00,1
parana,2023-11-29,10:00:00,24.9,Nublado,72.68,8.5,2023-11-29 10:00:00,1
parana,2023-11-29,11:00:00,24.8,Nublado,75.16,8.3,2023-11-29 11:00:00,1
parana,2023-11-29,12:00:00,26.4,Nublado,68.36,5.8,2023-11-29 12:00:00,1
parana,2023-11-29,13:00:00,25.9,Nublado,72.17,12.4,2023-11-29 13:00:00,1
parana,2023-11-29,14:00:00,26.6,Nublado,73.3,11.0,2023-11-29 14:00:00,1
parana,2023-11-29,15:00:00,27.2,Nublado,69.9,10.1,2023-11-29 15:00:00,1
parana,2023-11-29,16:00:00,26.7,Nublado,74.89,18.8,2023-11-29 16:00:00,1
parana,2023-11-29,17:00:00,26.0,Nublado,75.51,27.5,2023-11-29 17:00:00,1
parana,2023-11-29,18:00:00,24.3,Nublado,78.03,23.9,2023-11-29 18:00:00,1
parana,2023-11-29,19:00:00,24.2,Parcialmente nublado,78.68,24.7,2023-11-29 19:00:00,3
parana,2023-11-29,20:00:00,24.1,Parcialmente nublado,74.17,24.8,2023-11-29 20:00:00,3
parana,2023-11-29,21:00:00,23.2,Parcialmente nublado,81.38,5.4,2023-11-29 21:00:00,3
parana,2023-11-29,22:00:00,22.5,Parcialmente nublado,79.36,1.0,2023-11-29 22:00:00,3
parana,2023-11-29,23:00:00,22.4,Nublado,80.22,0.8,2023-11-29 23:00:00,1
parana,2023-11-30,00:00:00,22.8,Nublado,77.01,5.6,2023-11-30 00:00:00,1
parana,2023-11-30,01:00:00,21.6,Nublado,79.03,14.6,2023-11-30 01:00:00,1
parana,2023-11-30,02:00:00,21.5,Nublado,79.59,18.0,2023-11-30 02:00:00,1
parana,2023-11-30,03:00:00,21.3,Lluvia,80.77,18.4,2023-11-30 03:00:00,4
parana,2023-11-30,04:00:00,20.7,Parcialmente nublado,84.48,15.1,2023-11-30 04:00:00,3
parana,2023-11-30,05:00:00,20.5,Parcialmente nublado,85.42,14.1,2023-11-30 05:00:00,3
parana,2023-11-30,06:00:00,20.3,Parcialmente nublado,86.25,9.9,2023-11-30 06:00:00,3
parana,2023-11-30,07:00:00,20.8,Parcialmente nublado,86.19,10.1,2023-11-30 07:00:00,3
parana,2023-11-30,08:00:00,22.8,Parcialmente nublado,78.27,16.6,2023-11-30 08:00:00,3
parana,2023-11-30,09:00:00,24.6,Parcialmente nublado,73.85,10.8,2023-11-30 09:00:00,3
parana,2023-11-30,10:00:00,26.9,Parcialmente nublado,64.62,10.1,2023-11-30 10:00:00,3
parana,2023-11-30,11:00:00,27.7,Parcialmente nublado,65.59,9.2,2023-11-30 11:00:00,3
parana,2023-11-30,12:00:00,28.9,Parcialmente nublado,60.72,9.2,2023-11-30 12:00:00,3
parana,2023-11-30,13:00:00,29.5,Parcialmente nublado,58.89,11.3,2023-11-30 13:00:00,3
parana,2023-11-30,14:00:00,30.8,Parcialmente nublado,59.0,13.1,2023-11-30 14:00:00,3
parana,2023-11-30,15:00:00,30.6,Parcialmente nublado,59.03,18.4,2023-11-30 15:00:00,3
parana,2023-11-30,16:00:00,30.7,Parcialmente nublado,56.37,20.7,2023-11-30 16:00:00,3
parana,2023-11-30,17:00:00,30.7,Parcialmente nublado,56.04,22.3,2023-11-30 17:00:00,3
parana,2023-11-30,18:00:00,30.4,Despejado,58.32,11.7,2023-11-30 18:00:00,2
parana,2023-11-30,19:00:00,30.6,Despejado,55.43,15.6,2023-11-30 19:00:00,2
parana,2023-11-30,20:00:00,29.0,Parcialmente nublado,55.19,10.6,2023-11-30 20:00:00,3
parana,2023-11-30,21:00:00,28.4,Parcialmente nublado,58.92,5.4,2023-11-30 21:00:00,3
parana,2023-11-30,22:00:00,27.0,Despejado,64.19,9.0,2023-11-30 22:00:00,2
parana,2023-11-30,23:00:00,26.6,Despejado,72.73,14.4,2023-11-30 23:00:00,2
